"ugyszam";"kotvenyszam";"kartipus";"karesemeny_datum";"becsult_osszeg";"karleiras"
"K-GY-9610";"TR-123456";"vízkár";"2025-07-15";"2500";""
"K-GY-1660";"TR-654321";"vízkár";"2026-07-01";"1";"tt"
"K-GY-5405";"TR-900007";"vízkár";"2025-11-03";"1850";"UiPath target capture test."
"K-GY-4147";"TR-402318";"vízkár";"2025-11-03";"1850";"Csőtörés a fürdőszobában, ázott parketta."
"K-GY-7151";"TR-118264";"viharkár";"2025-11-04";"3200";"Vihar megbontotta a tetőt, több cserép sérült."
"K-GY-3461";"TR-771205";"üvegkár";"2025-11-04";"640";"Betört az erkélyajtó üvege."
"K-GY-1330";"TR-390162";"betöréses lopás";"2025-11-05";"5400";"Feltört bejárati ajtó, eltűnt laptop és ékszer."
"K-GY-7345";"TR-627849";"vízkár";"2025-11-05";"1200";"Mosógép-ömlés, ázott konyhabútor."
"K-GY-2404";"TR-204531";"felelősségi kár";"2025-11-06";"980";"Alsó szomszéd mennyezete beázott."
"K-GY-7487";"TR-845290";"tűzkár";"2025-11-06";"12400";"Konyhai zsírtűz, égett bútorlap és fal."
"K-GY-7540";"TR-562017";"viharkár";"2025-11-07";"2750";"Kidőlt fa megrongálta a kerítést."
"K-GY-2148";"TR-138476";"üvegkár";"2025-11-07";"720";"Kirakatüveg megrepedt."
"K-GY-4302";"TR-905324";"vízkár";"2025-11-10";"2100";"Radiátorszivárgás, ázott szőnyeg és fal."