table,0
Completed process instances 135
Total cost 3304.8 EUR
Total simulation time 1.1 days

table,1
Interval,Count
1.3 h - 2.3 h,68
2.3 h - 3.2 h,52
3.2 h - 4.1 h,2
4.1 h - 5.1 h,0
5.1 h - 6 h,0
6 h - 7 h,0
7 h - 7.9 h,0
7.9 h - 8.8 h,0
8.8 h - 9.8 h,1
9.8 h - 10.7 h,12

table,2
Interval,Count
1.3 h - 1.5 h,3
1.5 h - 1.7 h,7
1.7 h - 1.9 h,20
1.9 h - 2.1 h,26
2.1 h - 2.3 h,25
2.3 h - 2.5 h,25
2.5 h - 2.7 h,16
2.7 h - 2.9 h,6
2.9 h - 3.1 h,4
3.1 h - 3.3 h,3

table,3
Interval,Count
0 s - 4.2 m,38
4.2 m - 8.4 m,20
8.4 m - 12.6 m,18
12.6 m - 16.7 m,11
16.7 m - 20.9 m,11
20.9 m - 25.1 m,13
25.1 m - 29.3 m,8
29.3 m - 33.5 m,9
33.5 m - 37.7 m,3
37.7 m - 41.8 m,4

table,4
Interval,Count
15.5 - 18.5,9
18.5 - 21.5,21
21.5 - 24.5,37
24.5 - 27.5,42
27.5 - 30.5,17
30.5 - 33.5,5
33.5 - 36.5,3
36.5 - 39.5,1

table,5
Resource,% of time occupied
Raktáros,18.56
Targoncás,76.85
Adminisztrátor,73.22

table,6
,Minimum,Maximum,Average
Process instance cycle times including off-timetable hours,1.3 hours,10.7 hours,3 hours
Process instance cycle times excluding off-timetable hours,1.3 hours,3.3 hours,2.2 hours
Process instance costs,15.5 EUR,38.8 EUR,24.5 EUR

table,7
Name,,Waiting time,Duration,Duration over threshold,Cost,Cost over threshold
,Count,Min,Avg,Max,Min,Avg,Max,Min,Avg,Max,Min,Avg,Max,Min,Avg,Max
Betárolás,135,0 s,3.1 m,24.1 m,10.6 m,23.3 m,52.1 m,0 s,0 s,0 s,1.7,4.7,7.6,0,0,0
Kapuregisztráció,135,0 s,3.5 m,17.2 m,1.2 m,7.5 m,22.7 m,0 s,0 s,0 s,0.2,0.8,1.4,0,0,0
Kárjegyzőkönyv és félretétel,9,0 s,0 s,0 s,11.2 m,26.1 m,39.4 m,0 s,0 s,0 s,1.9,4.3,6.6,0,0,0
Készletrögzítés,135,0 s,2.9 m,18.1 m,2.6 m,10.2 m,28.5 m,0 s,0 s,0 s,0.5,1.4,2.4,0,0,0
Lerakodás,135,0 s,3.8 m,23.6 m,10 m,42.4 m,1.3 h,0 s,0 s,0 s,2.3,9,15.7,0,0,0
Áruátvételi ellenőrzés,135,0 s,0 s,0 s,6.7 m,49.4 m,1.5 h,0 s,0 s,0 s,1.1,8.2,15.4,0,0,0

