utc,event,policy,case_id,detail
"2026-10-07T14:38:24.1059954+00:00","run_started","TR-845290","","One batch item; no automatic retry"
"2026-10-07T14:38:24.1964209+00:00","input_read","TR-845290","","One row saved in input_snapshot.xlsx"
"2026-10-07T14:38:24.2770019+00:00","policy_reserved","TR-845290","","Keep reservation until saved rows are reconciled"
"2026-10-07T14:38:26.5356555+00:00","field_activity_completed","TR-845290","","kotvenyszam"
"2026-10-07T14:38:27.2725519+00:00","field_activity_completed","TR-845290","","kartipus"
"2026-10-07T14:38:28.9016572+00:00","field_activity_completed","TR-845290","","karesemeny_datum"
"2026-10-07T14:38:30.2695946+00:00","field_activity_completed","TR-845290","","becsult_osszeg"
"2026-10-07T14:38:33.2793112+00:00","field_activity_completed","TR-845290","","karleiras"
"2026-10-07T14:38:33.8992419+00:00","submit_attempted","TR-845290","","A click may commit; do not retry without readback"
"2026-10-07T14:38:35.1337450+00:00","confirmation_seen","TR-845290","",""
"2026-10-07T14:38:36.3000889+00:00","case_id_read","TR-845290","K-GY-7487",""
"2026-10-07T14:38:37.2286613+00:00","ui_sequence_complete","TR-845290","K-GY-7487","Await exported saved-record verification; not yet verified"
"2026-10-07T14:38:37.2670394+00:00","run_finished_pending_readback","TR-845290","K-GY-7487","Export own practice rows and compare before claiming success"
