First process instance # in stats,1
Last process instance # in stats,100

Resource utilization
Resource,Utilization %
Barista,Barista,66
Pultos,Pultos,43

Individual task statistics
Name,Avg duration,Min duration,Max duration,Total duration,Avg waiting time,Min waiting time,Max waiting time,Total waiting time,Avg idle time,Min idle time,Max idle time,Total idle time,Avg cost,Min cost,Max cost,Total cost,Avg cost over thresh,Min cost over thresh,Max cost over thresh,Total cost over thresh,Avg duration over thresh,Min duration over thresh,Max duration over thresh,Total duration over thresh,Count,
Csészébe kiöntés,Process_1.t3,209.81145901639348,36.0,604.163,12798.499000000003,173.81145902539862,0.0,568.1630001068115,10602.499000549316,0.0,0.0,0.0,0.0,0.08999999999999993,0.09,0.09,5.489999999999996,0.0,0.0,0.0,0.0,0.0,0.0,0.0,0.0,61
Elviteles pohárba töltés,Process_1.t4,235.75035897435896,36.0,687.753,9194.264,199.75035897279398,0.0,651.7530000209808,7790.263999938965,0.0,0.0,0.0,0.0,0.08999999999999996,0.09,0.09,3.5099999999999985,0.0,0.0,0.0,0.0,0.0,0.0,0.0,0.0,39
Fizetés,Process_1.t5,87.58837000000005,16.561,355.279,8758.837000000005,28.387320001125335,0.0,313.34299993515015,2838.7320001125336,576.0,0.0,57600.0,57600.0,0.1315578888888889,0.03680222222222222,0.2194222222222222,13.155788888888889,0.0,0.0,0.0,0.0,0.0,0.0,0.0,0.0,100
GATEWAY 7 XOR,Process_1.g2,0.0,0.0,0.0,0.0,0.0,0.0,0.0,0.0,0.0,0.0,0.0,0.0,0.0,0.0,0.0,0.0,0.0,0.0,0.0,0.0,0.0,0.0,0.0,0.0,100
Helyben fogyasztja?,Process_1.g1,0.0,0.0,0.0,0.0,0.0,0.0,0.0,0.0,0.0,0.0,0.0,0.0,0.0,0.0,0.0,0.0,0.0,0.0,0.0,0.0,0.0,0.0,0.0,0.0,100
Kávé elkészítése,Process_1.t2,313.32795999999996,90.989,657.148,31332.795999999995,117.67492998600007,0.0,450.7829999923706,11767.492998600006,576.0,0.0,57600.0,57600.0,0.48913257500000024,0.22747250000000002,0.782825,48.91325750000002,0.0,0.0,0.0,0.0,0.0,0.0,0.0,0.0,100
Rendelés felvétele,Process_1.t1,124.98722999999994,32.627,437.761,12498.722999999994,34.75766999483108,0.0,324.20899987220764,3475.7669994831085,0.0,0.0,0.0,0.0,0.2005101333333333,0.05321555555555555,0.35515555555555556,20.05101333333333,0.0,0.0,0.0,0.0,0.0,0.0,0.0,0.0,100
Vendég kiszolgálva,Process_1.e,0.0,0.0,0.0,0.0,0.0,0.0,0.0,0.0,0.0,0.0,0.0,0.0,0.0,0.0,0.0,0.0,0.0,0.0,0.0,0.0,0.0,0.0,0.0,0.0,100
Vendég rendel,Process_1.s,0.0,0.0,0.0,0.0,0.0,0.0,0.0,0.0,0.0,0.0,0.0,0.0,0.0,0.0,0.0,0.0,0.0,0.0,0.0,0.0,0.0,0.0,0.0,0.0,100

Scenario statistics
KPI,Min,Average,Max
Process Cycle Time (s),254.02,1897.8311900000003,58644.219
Process Cycle Time excluding out of timetable hours (s),254.02,745.8311900000003,1509.767
Process Waiting Time (s),0.0,364.7475499868393,1103.542000055313
Accumulated Process Duration (s),254.02,1897.83119,58644.219
Cost,0.615023611111111,0.9112005972222224,1.2165905555555556


Process Cycle Time (s) distribution
From,To,Count
254,6093,98
6094,11933,0
11934,17773,0
17774,23613,0
23614,29453,0
29454,35293,0
35294,41133,0
41134,46973,0
46974,52813,0
52814,58653,2

Process Waiting Time (s) distribution
From,To,Count
0,110,21
111,221,15
222,332,10
333,443,18
444,554,11
555,665,7
666,776,10
777,887,4
888,998,2
999,1109,2

Accumulated Process Duration (s) distribution
From,To,Count
254,6093,98
6094,11933,0
11934,17773,0
17774,23613,0
23614,29453,0
29454,35293,0
35294,41133,0
41134,46973,0
46974,52813,0
52814,58653,2

Process Cost distribution
From,To,Count
0,0,100
1,1,0
2,2,0
3,3,0
4,4,0
5,5,0
6,6,0
7,7,0
8,8,0
9,9,0

In-timetable Cycle time (s) distribution
From,To,Count
254,379,8
380,505,18
506,631,15
632,757,13
758,883,17
884,1009,8
1010,1135,12
1136,1261,3
1262,1387,4
1388,1513,2



Details
Instance #,Cycle time (s),Cycle time in time table only (s),Waiting time (s),Cost
1,434.177,434.177,0.0,1.0371833333333331
2,443.027,443.027,13.329999923706055,1.0289052777777778
3,350.704,350.704,0.0,0.8463397222222222
4,550.76,550.76,236.44000005722046,0.7472083333333333
5,748.292,748.292,369.84800004959106,0.9008380555555555
6,817.176,817.176,416.7220001220703,0.9515755555555555
7,1023.566,1023.566,582.5949997901917,1.0562669444444446
8,1088.792,1088.792,722.0700001716614,0.8748166666666667
9,1340.241,1340.241,901.5629997253418,1.0409416666666667
10,1060.248,1060.248,707.8840000629425,0.8384030555555555
11,1101.905,1101.905,709.1000003814697,0.9398788888888888
12,850.798,850.798,579.8499999046326,0.6499272222222222
13,780.816,780.816,373.5679998397827,0.9884519444444445
14,1120.514,1120.514,678.9949996471405,1.0715105555555555
15,1222.262,1222.262,781.4240000247955,1.0607413888888888
16,891.598,891.598,551.5440001487732,0.8130880555555555
17,878.473,878.473,580.7030000686646,0.7115427777777777
18,442.692,442.692,56.395999908447266,0.9309566666666667
19,480.153,480.153,143.25300002098083,0.7987608333333334
20,374.613,374.613,0.0,0.8917972222222221
21,454.295,454.295,0.07699990272521973,1.0865130555555556
22,896.054,896.054,488.23099994659424,0.9683616666666667
23,998.192,998.192,597.2969996929169,0.9639969444444445
24,1134.828,1134.828,743.2000002861023,0.952785
25,1034.535,1034.535,669.4569997787476,0.8728647222222221
26,871.074,871.074,539.5119998455048,0.7916911111111111
27,546.363,546.363,229.64600014686584,0.7571811111111111
28,358.831,358.831,0.0,0.8524561111111111
29,326.601,326.601,0.0,0.78133
30,807.002,807.002,365.94199991226196,1.0570297222222222
31,840.077,840.077,510.095999956131,0.7907538888888889
32,849.46,849.46,486.9470000267029,0.8697722222222222
33,880.129,880.129,458.1859998703003,1.0180727777777778
34,1010.453,1010.453,609.9989998340607,0.9635397222222221
35,1235.41,1235.41,868.1859998703003,0.8725519444444444
36,1509.767,1509.767,1103.542000055313,0.9768377777777778
37,1116.044,1116.044,773.3950002193451,0.8292452777777777
38,1163.437,1163.437,750.1889998912811,0.9742447222222221
39,1090.477,1090.477,676.6099996566772,0.9870280555555556
40,552.53,552.53,179.71399998664856,0.8934963888888888
41,434.502,434.502,144.9210000038147,0.6901738888888889
42,763.778,763.778,442.8880000114441,0.7637419444444444
43,711.537,711.537,410.61299991607666,0.7239372222222222
44,870.003,870.003,405.6199998855591,1.1032988888888888
45,1085.963,1085.963,684.5729999542236,0.96649
46,1425.82,1425.82,1033.4030001163483,0.9301977777777777
47,1372.153,1372.153,936.6470000743866,1.0452830555555555
48,1315.015,1315.015,833.1629996299744,1.1511133333333334
49,820.661,820.661,405.8440001010895,0.9905822222222221
50,650.19,650.19,307.6729998588562,0.8264494444444443
51,450.35,450.35,32.69000005722046,0.9994469444444444
52,664.573,664.573,280.5770001411438,0.9041969444444444
53,613.142,613.142,210.85900020599365,0.9625852777777778
54,623.749,623.749,164.99000000953674,1.0911441666666666
55,853.347,853.347,481.92899990081787,0.8812038888888889
56,799.612,799.612,368.3029999732971,1.03798
57,722.281,722.281,440.2809998989105,0.6805616666666666
58,499.408,499.408,170.57299995422363,0.7777816666666666
59,679.97,679.97,351.010999917984,0.8037097222222221
60,836.514,836.514,397.28200006484985,1.0520222222222224
61,768.213,768.213,348.1710000038147,0.9891355555555554
62,652.829,652.829,141.2020001411438,1.2165905555555556
63,491.348,491.348,227.5920000076294,0.6337302777777778
64,640.374,640.374,237.6639997959137,0.9624666666666667
65,825.671,825.671,407.42199993133545,0.9970769444444445
66,671.596,671.596,256.95099997520447,0.9929755555555554
67,431.061,431.061,2.374000072479248,1.0181969444444445
68,260.887,260.887,0.0,0.615023611111111
69,508.662,508.662,161.47900009155273,0.8213252777777778
70,749.73,749.73,390.80099987983704,0.8516849999999999
71,608.797,608.797,182.5620002746582,1.0190508333333332
72,897.62,897.62,546.7640001773834,0.8546083333333332
73,920.8,920.8,490.539999961853,1.031693888888889
74,1263.178,1263.178,822.4829998016357,1.0523727777777778
75,897.452,897.452,546.8949999809265,0.831986111111111
76,946.175,946.175,508.60400009155273,1.05167
77,720.347,720.347,359.5699996948242,0.8677266666666666
78,527.033,527.033,200.66100001335144,0.7846097222222221
79,458.146,458.146,0.0,1.0910941666666665
80,588.89,588.89,245.68300008773804,0.8293297222222222
81,619.919,619.919,241.97499990463257,0.9051933333333333
82,538.698,538.698,166.28800010681152,0.8915966666666666
83,708.791,708.791,333.82299995422363,0.8894533333333333
84,605.74,605.74,161.34300017356873,1.0589458333333333
85,453.312,453.312,128.67000007629395,0.7613808333333333
86,700.509,700.509,400.5899999141693,0.7106747222222222
87,1002.311,1002.311,567.5010001659393,1.041954722222222
88,58644.219,1044.2189999999973,643.9119999408722,0.9538816666666666
89,57973.035,373.0350000000035,0.0,0.8872694444444443
90,438.383,438.383,57.0939998626709,0.9097536111111111
91,392.686,392.686,0.0,0.9297799999999999
92,515.396,515.396,18.016000032424927,1.2022694444444444
93,404.514,404.514,0.0,0.9810108333333332
94,457.667,457.667,141.35900020599365,0.7595583333333332
95,542.232,542.232,197.90199995040894,0.8144441666666666
96,422.761,422.761,81.81799983978271,0.8047677777777776
97,254.02,254.02,0.0,0.6201949999999999
98,305.621,305.621,0.0,0.7251483333333333
99,601.506,601.506,231.06900000572205,0.8933938888888888
100,504.056,504.056,66.62600016593933,1.0462525
